번호,키
1,169
2,179
3,172
4,166
5,180
6,166
7,162
8,175
9,180
10,166
11,161
12,160
13,166
14,173
15,167
16,178
17,172
18,172
19,183
20,175
21,163
22,167
23,160
24,173
25,178
26,174
27,176
28,165
29,173
30,167
31,173
32,180
33,177
34,168
35,178
36,179
37,163
38,180
39,164
40,163
41,168
42,164
43,180
44,178
45,181
46,179
47,179
48,173
49,168
50,176
51,179
52,178
53,176
54,170
55,172
56,166
57,173
58,161
59,165
60,167
61,177
62,184
63,183
64,160
65,170
66,182
67,170
68,174
69,167
70,184
71,179
72,179
73,182
74,173
75,166
76,169
77,183
78,175
79,179
80,183
81,177
82,163
83,172
84,175
85,161
86,170
87,163
88,171
89,182
90,174
91,175
92,162
93,181
94,181
95,173
96,172
97,160
98,181
99,180
100,179
